method,recon_seed,n_yield_seeds,R2_mean5yield,R2_sd5yield,RMSE_mean5yield,RMSE_sd5yield,MAE_mean5yield,delta_R2_mean5yield,delta_R2_sd5yield,delta_RMSE_mean5yield,delta_MAE_mean5yield,prediction_shift_RMSE_mean5yield,analysis_set,triplet,spectral_RMSE,spectral_SAM_deg,feature_mean_standardized_RMSE,feature_mean_standardized_MAE,feature_sd_standardized_RMSE,feature_sd_standardized_MAE,feature_all80_standardized_RMSE,feature_all80_standardized_MAE,feature_mean_raw_RMSE,feature_sd_raw_RMSE,covariance_relative_Frobenius,correlation_relative_Frobenius,correlation_upper_triangle_agreement,pca_paired_shift_RMSE,pca_centroid_shift,pca_covariance_relative_Frobenius,sensitivity_weighted_abs_error
AdjustedU2MDN,0,5,0.6665065650419146,0.014607633294159593,8.488089489129854,0.18530237447255404,5.632753658294678,0.18043879265085977,0.016462037610647746,2.7368762237517625,1.7815873622894287,6.373615278706889,primary,Current,0.014195545658744823,3.8008105823408025,0.2932368516921997,0.19980910420417786,0.6199800372123718,0.43927815556526184,0.48495522141456604,0.31954362988471985,0.006464326288551092,0.0035323400516062975,0.15073084467623532,0.18224382130977526,0.9879289594691123,3.4832644834665403,2.4952673612041454,0.12916473415038324,0.2469496863682034
AdjustedU2MDN,1,5,0.6700100150933899,0.011624455263591973,8.443944359876264,0.14902944204550508,5.589967918395996,0.17693534259938454,0.013799227187358137,2.692731094498172,1.738801622390747,6.279831354592911,primary,Current,0.014244332871169201,3.804023555650642,0.2961560785770416,0.19958031177520752,0.591166079044342,0.40753456950187683,0.4675391912460327,0.3035573959350586,0.006492115557193756,0.0034374287351965904,0.1505618917751896,0.18625201792514537,0.9889474032912807,3.2993420441691743,2.206575985434864,0.1344880532062118,0.23838797779846935
AdjustedU2MDN,2,5,0.6731736603459877,0.012232435674926106,8.403242801949554,0.15709672476190817,5.570587635040283,0.1737716973467867,0.013941446540401024,2.652029536571462,1.7194213390350341,6.252959556717364,primary,Current,0.014251693096888436,3.791681535344721,0.2930150032043457,0.19869820773601532,0.6094886064529419,0.42148134112358093,0.47819146513938904,0.3100898265838623,0.006433342583477497,0.0034984268713742495,0.15328367708571153,0.18764691213376447,0.9879572096477398,3.377555256149969,2.3355464560447707,0.1351699637394556,0.2412566729497952
AdjustedU2MDN,3,5,0.6799024728521097,0.016968949918845382,8.315115321231602,0.2203686411468327,5.550968170166016,0.16704288484066462,0.018462236516167206,2.5639020558535104,1.6998018741607666,6.115880841063401,primary,Current,0.014372410892369045,3.8447933879656646,0.2947322726249695,0.203158900141716,0.6382932662963867,0.46558624505996704,0.4971344769001007,0.33437255024909973,0.006423665676265955,0.0036795774940401316,0.19093649231935722,0.18872221232191247,0.9861983486842771,3.5412241787978957,2.475650301218531,0.17408300941073923,0.25886337811144927
AdjustedU2MDN,4,5,0.6664353988596302,0.009101243573139272,8.489984045359543,0.11558315263295184,5.6160962104797365,0.1805099588331442,0.010624799091205166,2.7387707799814516,1.7649299144744872,6.318390767909629,primary,Current,0.014257465968311636,3.7965601763657792,0.29855307936668396,0.2002440094947815,0.6157029867172241,0.4274454414844513,0.48385128378868103,0.3138447105884552,0.006505871657282114,0.0035138940438628197,0.17024060937988264,0.16575087591949897,0.9906149712158338,3.3943188645530786,2.3196951510644195,0.14415097531956242,0.24454363502107682
Gram,0,5,0.7337791589542549,0.020207297063290115,7.580993247546888,0.2841994168066487,4.943839263916016,0.11316619873851945,0.01897619983030725,1.8297799821687968,1.0926729679107665,5.01070530964288,primary,Current,0.01474691487452113,4.0211062285503,0.30004748702049255,0.18908613920211792,0.5253579020500183,0.3696022629737854,0.4278022050857544,0.27934420108795166,0.006294791586697102,0.003022226970642805,0.1788757292706343,0.14012863767994269,0.9913394707084985,2.788426946191393,1.2986541283022333,0.15141309121649102,0.22223445489848492
Gram,1,5,0.7253299160663284,0.015669798611337687,7.702162301268989,0.2203286678150703,5.078000259399414,0.121615441626446,0.013542106516322755,1.9509490358908963,1.226833963394165,4.994809228536078,primary,Current,0.014833666914163296,4.095157489916267,0.2947677671909332,0.18407975137233734,0.5033054351806641,0.3602871894836426,0.41243451833724976,0.27218344807624817,0.006272129248827696,0.003134487196803093,0.15410054286378788,0.1157373828484,0.9935992086591818,2.5845957126881354,0.8506996622821749,0.11964095269105156,0.21606117051282644
Gram,2,5,0.7381249476725564,0.015181424150218446,7.520558605943313,0.21809808041962878,4.967951011657715,0.10882041002021799,0.013454280183521865,1.7693453405652222,1.1167847156524657,4.970458816826849,primary,Current,0.015134574402567201,4.0902376644009,0.3253333568572998,0.20326946675777435,0.5474873781204224,0.38398733735084534,0.4503244459629059,0.29362836480140686,0.006975684780627489,0.0032138265669345856,0.22734114656030655,0.14941851000925313,0.9897161060743427,2.9202185778660317,1.204529169285781,0.20228765277189173,0.2393502051345375
Gram,3,5,0.7373150817058585,0.011545728141515992,7.533242945450117,0.16634741100274106,5.063756370544434,0.10963027598691588,0.00959141006842486,1.7820296800720243,1.2125900745391847,4.933673608776589,primary,Current,0.014983564754261642,4.0927654109165585,0.3142748773097992,0.19728457927703857,0.5254141092300415,0.3753513991832733,0.43291378021240234,0.28631800413131714,0.0066599552519619465,0.003100892063230276,0.20057936745490904,0.15844043137262165,0.9871277790947218,2.7251367681684107,0.8078277140439444,0.17107223224168194,0.23052762920893252
Gram,4,5,0.7456189992475024,0.025520547968273622,7.40702328736744,0.37622228558894116,4.920594215393066,0.10132635844527196,0.024147001942939204,1.655810021989349,1.0694279193878173,4.84010935753808,primary,Current,0.015083557580081303,4.173902243105147,0.306002140045166,0.1936439722776413,0.5531985759735107,0.39919620752334595,0.4470268487930298,0.29642003774642944,0.006504416931420565,0.003345149802044034,0.17344362431270982,0.13363081692261128,0.9906122444466796,2.6044397965471378,0.572068967074521,0.12548636588921727,0.2289611075652251
SimpleMLP,0,5,0.6577111821054784,0.01153140815371792,8.599953832353476,0.14491877667708203,5.660165596008301,0.18923417558729597,0.01331054793992457,2.848740566975385,1.8089993000030518,6.473136606771275,primary,Current,0.013912153738393203,3.7462103448008697,0.27891919016838074,0.18262405693531036,0.5769427418708801,0.3839274048805237,0.4531329274177551,0.2832757532596588,0.006233492400497198,0.003307529492303729,0.132179248773006,0.169728039607182,0.990438322739843,3.1399157033128406,2.149169369505601,0.11497460874955086,0.22196529448685515
SimpleMLP,1,5,0.6624896456632684,0.010131403616214106,8.539912675210736,0.12832115448547235,5.629209423065186,0.18445571202950597,0.012034243082108225,2.7886994098326445,1.7780431270599366,6.3733284735474705,primary,Current,0.01392281825335445,3.7468571913487074,0.2800873816013336,0.1826992928981781,0.570058286190033,0.374885618686676,0.44911879301071167,0.27879244089126587,0.006306186318397522,0.003237140830606222,0.12875792686721216,0.167163181569338,0.9909002081671111,3.1197139616617586,2.109008927677093,0.11260684442492805,0.21992602281136917
SimpleMLP,2,5,0.6529425993327288,0.01135766608054873,8.659708259722546,0.14166569150835326,5.708382320404053,0.1940027583600456,0.012972070443352995,2.908494994344456,1.8572160243988036,6.55753283527298,primary,Current,0.013900480089538174,3.744301178359128,0.2791609764099121,0.18219484388828278,0.5704675912857056,0.37629860639572144,0.44909021258354187,0.2792467176914215,0.006226224359124899,0.0032329196110367775,0.12848136941856536,0.16928708945424756,0.990608835174043,3.108050395603821,2.1072293371120923,0.11175138149891212,0.21972831727473144
SimpleMLP,3,5,0.6541607708000431,0.01179458722026828,8.644416954422995,0.14741258217221595,5.694466018676758,0.1927845868927313,0.01353168512552581,2.8932036890449035,1.8432997226715089,6.541181208693769,primary,Current,0.013909546679002214,3.746053869067478,0.27754533290863037,0.18068218231201172,0.5723192691802979,0.3793162405490875,0.44976699352264404,0.2799991965293884,0.006186103913933039,0.0032306418288499117,0.12739017986619627,0.17014121156975273,0.9904813236842225,3.108284361234288,2.1102398174556214,0.10959083636644228,0.21939178780421886
SimpleMLP,4,5,0.6539068139155244,0.011226987909373565,8.647686710781473,0.14022660113236454,5.693715190887451,0.19303854377725,0.012864881854320722,2.8964734454033807,1.8425488948822022,6.545467352904728,primary,Current,0.013905023011197344,3.74520863649701,0.2791501581668854,0.18196037411689758,0.5707913041114807,0.37945759296417236,0.44929251074790955,0.28070899844169617,0.006244460586458445,0.003258161712437868,0.13029270154494887,0.1720578322381539,0.9905366754032481,3.1265930703794864,2.1329480622666455,0.11351711801453697,0.22029057057742665