split,split_seed,field,plot
train,2026,C3,C3_10702
train,2026,C3,C3_10704
train,2026,C3,C3_10706
train,2026,C3,C3_10707
test,2026,C3,C3_10710
train,2026,C3,C3_10711
val,2026,C3,C3_10712
train,2026,C3,C3_10713
train,2026,C3,C3_10714
train,2026,C3,C3_10715
train,2026,C3,C3_10716
train,2026,C3,C3_10717
train,2026,C3,C3_10718
train,2026,C3,C3_10719
train,2026,C3,C3_10720
train,2026,C3,C3_10722
train,2026,C3,C3_10723
train,2026,C3,C3_10724
train,2026,C3,C3_10726
train,2026,C3,C3_10727
train,2026,C3,C3_10728
train,2026,C3,C3_10729
train,2026,C3,C3_10730
test,2026,C3,C3_10731
train,2026,C3,C3_10732
train,2026,C3,C3_10733
train,2026,C3,C3_10734
train,2026,C3,C3_10735
train,2026,C3,C3_10736
train,2026,C3,C3_10738
train,2026,C3,C3_10802
train,2026,C3,C3_10803
train,2026,C3,C3_10804
train,2026,C3,C3_10805
train,2026,C3,C3_10806
train,2026,C3,C3_10807
train,2026,C3,C3_10808
val,2026,C3,C3_10809
train,2026,C3,C3_10810
val,2026,C3,C3_10811
train,2026,C3,C3_10812
train,2026,C3,C3_10813
train,2026,C3,C3_10814
train,2026,C3,C3_10815
train,2026,C3,C3_10816
train,2026,C3,C3_10817
train,2026,C3,C3_10818
train,2026,C3,C3_10819
train,2026,C3,C3_10822
test,2026,C3,C3_10823
train,2026,C3,C3_10824
train,2026,C3,C3_10825
train,2026,C3,C3_10826
train,2026,C3,C3_10827
train,2026,C3,C3_10828
train,2026,C3,C3_10830
train,2026,C3,C3_10831
train,2026,C3,C3_10832
train,2026,C3,C3_10833
train,2026,C3,C3_10834
train,2026,C3,C3_10835
train,2026,C3,C3_10836
train,2026,C3,C3_10837
train,2026,C3,C3_10838
train,2026,C3,C3_10901
train,2026,C3,C3_10902
train,2026,C3,C3_10903
train,2026,C3,C3_10904
train,2026,C3,C3_10905
val,2026,C3,C3_10906
train,2026,C3,C3_10907
val,2026,C3,C3_10908
val,2026,C3,C3_10909
train,2026,C3,C3_10910
train,2026,C3,C3_10911
train,2026,C3,C3_10912
train,2026,C3,C3_10913
train,2026,C3,C3_10914
train,2026,C3,C3_10915
train,2026,C3,C3_10916
train,2026,C3,C3_10917
train,2026,C3,C3_10918
train,2026,C3,C3_10919
train,2026,C3,C3_10920
train,2026,C3,C3_10921
train,2026,C3,C3_10922
train,2026,C3,C3_10923
train,2026,C3,C3_10924
train,2026,C3,C3_10925
train,2026,C3,C3_10926
train,2026,C3,C3_10927
train,2026,C3,C3_10928
train,2026,C3,C3_10929
train,2026,C3,C3_10931
train,2026,C3,C3_10932
train,2026,C3,C3_10933
train,2026,C3,C3_10934
test,2026,C3,C3_10935
train,2026,C3,C3_10936
val,2026,C3,C3_10937
train,2026,C3,C3_10938
train,2026,C3,C3_10939
train,2026,C3,C3_10940
train,2026,C3,C3_11001
train,2026,C3,C3_11002
train,2026,C3,C3_11003
train,2026,C3,C3_11004
val,2026,C3,C3_11005
train,2026,C3,C3_11006
train,2026,C3,C3_11007
train,2026,C3,C3_11008
train,2026,C3,C3_11009
train,2026,C3,C3_11010
train,2026,C3,C3_11011
train,2026,C3,C3_11012
test,2026,C3,C3_11013
train,2026,C3,C3_11014
train,2026,C3,C3_11015
train,2026,C3,C3_11016
train,2026,C3,C3_11017
val,2026,C3,C3_11021
train,2026,C3,C3_11022
train,2026,C3,C3_11023
train,2026,C3,C3_11024
train,2026,C3,C3_11025
train,2026,C3,C3_11026
train,2026,C3,C3_11027
train,2026,C3,C3_11028
train,2026,C3,C3_11029
train,2026,C3,C3_11030
train,2026,C3,C3_11032
train,2026,C3,C3_11033
test,2026,C3,C3_11034
train,2026,C3,C3_11035
train,2026,C3,C3_11037
val,2026,C3,C3_11039
train,2026,C3,C3_11040
train,2026,C3,C3_11101
train,2026,C3,C3_11102
val,2026,C3,C3_11103
train,2026,C3,C3_11104
train,2026,C3,C3_11105
train,2026,C3,C3_11107
train,2026,C3,C3_11108
train,2026,C3,C3_11109
train,2026,C3,C3_11110
train,2026,C3,C3_11111
train,2026,C3,C3_11112
train,2026,C3,C3_11114
train,2026,C3,C3_11115
train,2026,C3,C3_11116
train,2026,C3,C3_11117
train,2026,C3,C3_11118
val,2026,C3,C3_11119
val,2026,C3,C3_11120
train,2026,C3,C3_11121
train,2026,C3,C3_11122
train,2026,C3,C3_11123
train,2026,C3,C3_11124
train,2026,C3,C3_11125
train,2026,C3,C3_11127
train,2026,C3,C3_11128
train,2026,C3,C3_11129
train,2026,C3,C3_11130
train,2026,C3,C3_11131
train,2026,C3,C3_11133
train,2026,C3,C3_11134
train,2026,C3,C3_11135
train,2026,C3,C3_11136
train,2026,C3,C3_11138
train,2026,C3,C3_11139
train,2026,C3,C3_11140
train,2026,C3,C3_11201
train,2026,C3,C3_11202
train,2026,C3,C3_11203
train,2026,C3,C3_11204
train,2026,C3,C3_11205
train,2026,C3,C3_11206
train,2026,C3,C3_11208
train,2026,C3,C3_11211
train,2026,C3,C3_11212
train,2026,C3,C3_11213
train,2026,C3,C3_11214
train,2026,C3,C3_11215
test,2026,C3,C3_11216
val,2026,C3,C3_11217
train,2026,C3,C3_11218
val,2026,C3,C3_11220
train,2026,C3,C3_11221
train,2026,C3,C3_11222
train,2026,C3,C3_11223
test,2026,C3,C3_11224
train,2026,C3,C3_11225
train,2026,C3,C3_11226
train,2026,C3,C3_11227
val,2026,C3,C3_11228
train,2026,C3,C3_11229
train,2026,C3,C3_11230
train,2026,C3,C3_11231
test,2026,C3,C3_11233
train,2026,C3,C3_11234
train,2026,C3,C3_11235
train,2026,C3,C3_11236
train,2026,C3,C3_11237
train,2026,C3,C3_11238
train,2026,C3,C3_11239
test,2026,C3,C3_11240
train,2026,C3,C3_31002
train,2026,C3,C3_31003
train,2026,C3,C3_31004
train,2026,C3,C3_31005
train,2026,C3,C3_31006
test,2026,C3,C3_31007
train,2026,C3,C3_31008
test,2026,C3,C3_31009
train,2026,C3,C3_31010
train,2026,C3,C3_31011
train,2026,C3,C3_31012
train,2026,C3,C3_31013
train,2026,C3,C3_31014
train,2026,C3,C3_31015
train,2026,C3,C3_31016
train,2026,C3,C3_31017
train,2026,C3,C3_31018
train,2026,C3,C3_31019
train,2026,C3,C3_31021
train,2026,C3,C3_31023
train,2026,C3,C3_31024
train,2026,C3,C3_31025
train,2026,C3,C3_31026
train,2026,C3,C3_31027
train,2026,C3,C3_31028
train,2026,C3,C3_31029
train,2026,C3,C3_31030
val,2026,C3,C3_31031
train,2026,C3,C3_31032
train,2026,C3,C3_31033
train,2026,C3,C3_31034
train,2026,C3,C3_31035
train,2026,C3,C3_31036
train,2026,C3,C3_31037
train,2026,C3,C3_31038
train,2026,C3,C3_31039
train,2026,C3,C3_31040
val,2026,C3,C3_31041
train,2026,C3,C3_31042
train,2026,C3,C3_31043
train,2026,C3,C3_31044
train,2026,C3,C3_31045
train,2026,C3,C3_31046
train,2026,C3,C3_31047
test,2026,C3,C3_31048
train,2026,C3,C3_31049
train,2026,C3,C3_31050
train,2026,C3,C3_31051
train,2026,C3,C3_31052
test,2026,C3,C3_31053
train,2026,C3,C3_31054
train,2026,C3,C3_31055
val,2026,C3,C3_31056
train,2026,C3,C3_31057
train,2026,C3,C3_31059
train,2026,C3,C3_31060
train,2026,C3,C3_31061
train,2026,C3,C3_31064
train,2026,C3,C3_31066
train,2026,C3,C3_31068
train,2026,C3,C3_31069
train,2026,C3,C3_31070
test,2026,C3,C3_31071
train,2026,C3,C3_31072
train,2026,C3,C3_31073
train,2026,C3,C3_31074
train,2026,C3,C3_31075
train,2026,C3,C3_31076
train,2026,C3,C3_31077
test,2026,C3,C3_31078
val,2026,C3,C3_31079
train,2026,C3,C3_31080
train,2026,C3,C3_31081
test,2026,C3,C3_31082
train,2026,C3,C3_31083
train,2026,C3,C3_31085
train,2026,C3,C3_31086
train,2026,C3,C3_31088
train,2026,C3,C3_31090
train,2026,C3,C3_31094
train,2026,C3,C3_31095
val,2026,C3,C3_31096
train,2026,C3,C3_31097
train,2026,C3,C3_31098
train,2026,C3,C3_31100
train,2026,C3,C3_31101
train,2026,C3,C3_31102
train,2026,C3,C3_31103
train,2026,C3,C3_31104
train,2026,C3,C3_31105
train,2026,C3,C3_31106
train,2026,C3,C3_31107
train,2026,C3,C3_31109
train,2026,C3,C3_31112
val,2026,C3,C3_31113
val,2026,C3,C3_31114
train,2026,C3,C3_31115
train,2026,C3,C3_31116
train,2026,C3,C3_31117
train,2026,C3,C3_31118
train,2026,C3,C3_31119
train,2026,C3,C3_31120
test,2026,C3,C3_31121
train,2026,C3,C3_31122
train,2026,C3,C3_31123
train,2026,C3,C3_43001
train,2026,C3,C3_43002
train,2026,C3,C3_43003
train,2026,C3,C3_43004
train,2026,C3,C3_43005
train,2026,C3,C3_43006
train,2026,C3,C3_43007
train,2026,C3,C3_43008
train,2026,C3,C3_43009
train,2026,C3,C3_43010
test,2026,C3,C3_43011
val,2026,C3,C3_43012
train,2026,C3,C3_43013
train,2026,C3,C3_43014
train,2026,C3,C3_43015
train,2026,C3,C3_43016
train,2026,C3,C3_43017
train,2026,C3,C3_43018
train,2026,C3,C3_43019
train,2026,C3,C3_43020
train,2026,C3,C3_43021
train,2026,C3,C3_43022
train,2026,C3,C3_43023
train,2026,C3,C3_43024
train,2026,C3,C3_43025
train,2026,C3,C3_43026
train,2026,C3,C3_43027
train,2026,C3,C3_43028
train,2026,C3,C3_43029
train,2026,C3,C3_43030
train,2026,C3,C3_43031
train,2026,C3,C3_43032
train,2026,C3,C3_43033
train,2026,C3,C3_43034
train,2026,C3,C3_43035
train,2026,C3,C3_43036
train,2026,C3,C3_43037
train,2026,C3,C3_43038
train,2026,C3,C3_43039
train,2026,C3,C3_43040
train,2026,C3,C3_44001
train,2026,C3,C3_44002
train,2026,C3,C3_44003
val,2026,C3,C3_44004
val,2026,C3,C3_44005
train,2026,C3,C3_44006
val,2026,C3,C3_44007
test,2026,C3,C3_44008
train,2026,C3,C3_44010
train,2026,C3,C3_44011
train,2026,C3,C3_44012
val,2026,C3,C3_44013
train,2026,C3,C3_44014
train,2026,C3,C3_44015
val,2026,C3,C3_44017
train,2026,C3,C3_44018
train,2026,C3,C3_44019
train,2026,C3,C3_44020
train,2026,C3,C3_44021
train,2026,C3,C3_44022
train,2026,C3,C3_44023
train,2026,C3,C3_44024
train,2026,C3,C3_44025
val,2026,C3,C3_44026
train,2026,C3,C3_44027
train,2026,C3,C3_44028
train,2026,C3,C3_44030
val,2026,C3,C3_44032
train,2026,C3,C3_44033
train,2026,C3,C3_44034
train,2026,C3,C3_44035
train,2026,C3,C3_44036
train,2026,C3,C3_44037
train,2026,C3,C3_44038
train,2026,C3,C3_44039
train,2026,C3,C3_44040
val,2026,C3,C3_51001
train,2026,C3,C3_51002
train,2026,C3,C3_51003
train,2026,C3,C3_51004
train,2026,C3,C3_51006
train,2026,C3,C3_51007
train,2026,C3,C3_51008
train,2026,C3,C3_51009
train,2026,C3,C3_51010
train,2026,C3,C3_51011
train,2026,C3,C3_51012
train,2026,C3,C3_51013
train,2026,C3,C3_51014
train,2026,C3,C3_51015
train,2026,C3,C3_51016
train,2026,C3,C3_51018
train,2026,C3,C3_51020
train,2026,C3,C3_51021
val,2026,C3,C3_53002
train,2026,C3,C3_53003
train,2026,C3,C3_53004
train,2026,C3,C3_53005
train,2026,C3,C3_53009
train,2026,C3,C3_53010
train,2026,C3,C3_53015
train,2026,C3,C3_53016
train,2026,C3,C3_53018
train,2026,C3,C3_53019
train,2026,C3,C3_53027
train,2026,C3,C3_53029
train,2026,C3,C3_53032
train,2026,C3,C3_53033
train,2026,C3,C3_53035
val,2026,C3,C3_53036
train,2026,C4,C4_1001
train,2026,C4,C4_1002
test,2026,C4,C4_1003
train,2026,C4,C4_1004
test,2026,C4,C4_1005
train,2026,C4,C4_1006
train,2026,C4,C4_1008
train,2026,C4,C4_1009
train,2026,C4,C4_1010
train,2026,C4,C4_1012
train,2026,C4,C4_1013
train,2026,C4,C4_1015
test,2026,C4,C4_1016
train,2026,C4,C4_1021
train,2026,C4,C4_1022
train,2026,C4,C4_1023
test,2026,C4,C4_1024
train,2026,C4,C4_1029
train,2026,C4,C4_1030
train,2026,C4,C4_1036
train,2026,C4,C4_1037
train,2026,C4,C4_1039
train,2026,C4,C4_1040
train,2026,C4,C4_1041
train,2026,C4,C4_1042
train,2026,C4,C4_1043
train,2026,C4,C4_1044
train,2026,C4,C4_1045
train,2026,C4,C4_1046
train,2026,C4,C4_1048
train,2026,C4,C4_1049
train,2026,C4,C4_1050
train,2026,C4,C4_1051
train,2026,C4,C4_1052
val,2026,C4,C4_1055
train,2026,C4,C4_1056
train,2026,C4,C4_1057
val,2026,C4,C4_1058
train,2026,C4,C4_1059
train,2026,C4,C4_1061
train,2026,C4,C4_1062
train,2026,C4,C4_1066
train,2026,C4,C4_1069
train,2026,C4,C4_1070
train,2026,C4,C4_1071
train,2026,C4,C4_1072
test,2026,C4,C4_1073
train,2026,C4,C4_1075
train,2026,C4,C4_1076
train,2026,C4,C4_1077
train,2026,C4,C4_1078
train,2026,C4,C4_1079
train,2026,C4,C4_1081
train,2026,C4,C4_1082
val,2026,C4,C4_1083
train,2026,C4,C4_1084
train,2026,C4,C4_1085
train,2026,C4,C4_1086
train,2026,C4,C4_1089
train,2026,C4,C4_1090
train,2026,C4,C4_1091
train,2026,C4,C4_1092
train,2026,C4,C4_1095
val,2026,C4,C4_1096
train,2026,C4,C4_1100
train,2026,C4,C4_1102
train,2026,C4,C4_1103
val,2026,C4,C4_1104
test,2026,C4,C4_1105
train,2026,C4,C4_1106
train,2026,C4,C4_1109
train,2026,C4,C4_1110
train,2026,C4,C4_1111
train,2026,C4,C4_1112
train,2026,C4,C4_1115
train,2026,C4,C4_1116
train,2026,C4,C4_1117
train,2026,C4,C4_1118
train,2026,C4,C4_1119
val,2026,C4,C4_1121
test,2026,C4,C4_1122
train,2026,C4,C4_1123
train,2026,C4,C4_1124
train,2026,C4,C4_1125
train,2026,C4,C4_1128
train,2026,C4,C4_1129
train,2026,C4,C4_1130
train,2026,C4,C4_1131
train,2026,C4,C4_1132
train,2026,C4,C4_1133
val,2026,C4,C4_1136
train,2026,C4,C4_1137
train,2026,C4,C4_1138
train,2026,C4,C4_1139
train,2026,C4,C4_1140
train,2026,C4,C4_1143
train,2026,C4,C4_1144
train,2026,C4,C4_1145
train,2026,C4,C4_1148
train,2026,C4,C4_1149
train,2026,C4,C4_1150
train,2026,C4,C4_1153
train,2026,C4,C4_1156
train,2026,C4,C4_1157
train,2026,C4,C4_1158
train,2026,C4,C4_1163
train,2026,C4,C4_1164
train,2026,C4,C4_1165
train,2026,C4,C4_1168
train,2026,C4,C4_1170
train,2026,C4,C4_1171
train,2026,C4,C4_1172
train,2026,C4,C4_1176
train,2026,C4,C4_1177
train,2026,C4,C4_1178
train,2026,C4,C4_1179
test,2026,C4,C4_1180
test,2026,C4,C4_1182
train,2026,C4,C4_1183
train,2026,C4,C4_2002
train,2026,C4,C4_2003
train,2026,C4,C4_2004
train,2026,C4,C4_2005
train,2026,C4,C4_2006
train,2026,C4,C4_2008
train,2026,C4,C4_2013
train,2026,C4,C4_2014
train,2026,C4,C4_2015
train,2026,C4,C4_2016
train,2026,C4,C4_2017
train,2026,C4,C4_2018
train,2026,C4,C4_2019
train,2026,C4,C4_2022
val,2026,C4,C4_2038
train,2026,C4,C4_2039
train,2026,C4,C4_2042
train,2026,C4,C4_2043
train,2026,C4,C4_2057
train,2026,C4,C4_2058
train,2026,C4,C4_2059
train,2026,C4,C4_2062
train,2026,C4,C4_2063
train,2026,C4,C4_2074
train,2026,C4,C4_2078
train,2026,C4,C4_2079
train,2026,C4,C4_2082
train,2026,C4,C4_2083
train,2026,C4,C4_2087
train,2026,C4,C4_21001
train,2026,C4,C4_21007
train,2026,C4,C4_21011
train,2026,C4,C4_21015
train,2026,C4,C4_21016
val,2026,C4,C4_21018
val,2026,C4,C4_21020
test,2026,C4,C4_21038
train,2026,C4,C4_21039
train,2026,C4,C4_21042
train,2026,C4,C4_21043
train,2026,C4,C4_3002
train,2026,C4,C4_3003
train,2026,C4,C4_3004
train,2026,C4,C4_3005
train,2026,C4,C4_3006
train,2026,C4,C4_3007
train,2026,C4,C4_3017
train,2026,C4,C4_3018
train,2026,C4,C4_3019
train,2026,C4,C4_3022
train,2026,C4,C4_3023
train,2026,C4,C4_3024
train,2026,C4,C4_3025
train,2026,C4,C4_3026
train,2026,C4,C4_3027
train,2026,C4,C4_3028
train,2026,C4,C4_3037
train,2026,C4,C4_3038
train,2026,C4,C4_3039
train,2026,C4,C4_4002
train,2026,C4,C4_4003
train,2026,C4,C4_4004
val,2026,C4,C4_4006
train,2026,C4,C4_4007
train,2026,C4,C4_4008
train,2026,C4,C4_4013
train,2026,C4,C4_4014
train,2026,C4,C4_4015
val,2026,C4,C4_4016
train,2026,C4,C4_4017
train,2026,C4,C4_4018
train,2026,C4,C4_4023
train,2026,C4,C4_4024
val,2026,C4,C4_4025
train,2026,C4,C4_4026
train,2026,C4,C4_4028
train,2026,C4,C4_4033
train,2026,C4,C4_4034
train,2026,C4,C4_4035
val,2026,C4,C4_4037
val,2026,C4,C4_4038
val,2026,C4,C4_5003
train,2026,C4,C4_5004
train,2026,C4,C4_5006
test,2026,C4,C4_5007
train,2026,C4,C4_5008
train,2026,C4,C4_5014
train,2026,C4,C4_5015
train,2026,C4,C4_5016
test,2026,C4,C4_5017
train,2026,C4,C4_5018
train,2026,C4,C4_5023
val,2026,C4,C4_5024
train,2026,C4,C4_5026
train,2026,C4,C4_5027
train,2026,C4,C4_5028
val,2026,C4,C4_5033
train,2026,C4,C4_5034
val,2026,C4,C4_5035
train,2026,C4,C4_5036
train,2026,C4,C4_5037
train,2026,C4,C4_5038
train,2026,C4,C4_6001
train,2026,C4,C4_6002
train,2026,C4,C4_6004
train,2026,C4,C4_6005
val,2026,C4,C4_6006
val,2026,C4,C4_6008
train,2026,C4,C4_6009
train,2026,C4,C4_6010
train,2026,C4,C4_6011
train,2026,C4,C4_6012
train,2026,C4,C4_6013
train,2026,C4,C4_6015
train,2026,C4,C4_6016
train,2026,C4,C4_6017
train,2026,C4,C4_6018
train,2026,C4,C4_6019
train,2026,C4,C4_6021
val,2026,C4,C4_6022
test,2026,C4,C4_6023
val,2026,C4,C4_6024
train,2026,C4,C4_6025
train,2026,C4,C4_6026
train,2026,C4,C4_6028
train,2026,C4,C4_6029
train,2026,C4,C4_6030
val,2026,C4,C4_6031
train,2026,C4,C4_6033
val,2026,C4,C4_6035
train,2026,C4,C4_6036
train,2026,C4,C4_6037
train,2026,C4,C4_6038
val,2026,C4,C4_6039
train,2026,C4,C4_6040
val,2026,C9,C9_1001
train,2026,C9,C9_1002
train,2026,C9,C9_1003
train,2026,C9,C9_1004
train,2026,C9,C9_1005
val,2026,C9,C9_1006
train,2026,C9,C9_1007
train,2026,C9,C9_1008
train,2026,C9,C9_1009
train,2026,C9,C9_1010
train,2026,C9,C9_1011
train,2026,C9,C9_1012
train,2026,C9,C9_1013
train,2026,C9,C9_1014
train,2026,C9,C9_1015
train,2026,C9,C9_1016
train,2026,C9,C9_1017
train,2026,C9,C9_1018
train,2026,C9,C9_1019
train,2026,C9,C9_1020
train,2026,C9,C9_1021
train,2026,C9,C9_1022
val,2026,C9,C9_1023
test,2026,C9,C9_1024
train,2026,C9,C9_1025
train,2026,C9,C9_1026
train,2026,C9,C9_1027
train,2026,C9,C9_1028
train,2026,C9,C9_1029
test,2026,C9,C9_1030
train,2026,C9,C9_1031
train,2026,C9,C9_1032
train,2026,C9,C9_1033
train,2026,C9,C9_1034
train,2026,C9,C9_1035
train,2026,C9,C9_1036
val,2026,C9,C9_1037
train,2026,C9,C9_1038
train,2026,C9,C9_1039
train,2026,C9,C9_1040
train,2026,C9,C9_1041
train,2026,C9,C9_1042
train,2026,C9,C9_1043
train,2026,C9,C9_1044
train,2026,C9,C9_1045
train,2026,C9,C9_1046
val,2026,C9,C9_1047
train,2026,C9,C9_1048
train,2026,C9,C9_1049
train,2026,C9,C9_1050
train,2026,C9,C9_1051
train,2026,C9,C9_1052
val,2026,C9,C9_1053
train,2026,C9,C9_1054
train,2026,C9,C9_1055
train,2026,C9,C9_1056
train,2026,C9,C9_1057
train,2026,C9,C9_1058
train,2026,C9,C9_1059
train,2026,C9,C9_1060
train,2026,C9,C9_1061
val,2026,C9,C9_1062
val,2026,C9,C9_1063
train,2026,C9,C9_1065
train,2026,C9,C9_1067
test,2026,C9,C9_1068
train,2026,C9,C9_1069
train,2026,C9,C9_1070
train,2026,C9,C9_1071
train,2026,C9,C9_1073
train,2026,C9,C9_1074
train,2026,C9,C9_1075
train,2026,C9,C9_1077
val,2026,C9,C9_1078
train,2026,C9,C9_1079
train,2026,C9,C9_1080
train,2026,C9,C9_1081
train,2026,C9,C9_1082
train,2026,C9,C9_1083
val,2026,C9,C9_1084
train,2026,C9,C9_1085
train,2026,C9,C9_1086
train,2026,C9,C9_1087
train,2026,C9,C9_1089
train,2026,C9,C9_1090
train,2026,C9,C9_1091
train,2026,C9,C9_1092
train,2026,C9,C9_1093
val,2026,C9,C9_1094
train,2026,C9,C9_1095
train,2026,C9,C9_1096
train,2026,C9,C9_1097
train,2026,C9,C9_1098
train,2026,C9,C9_1099
train,2026,C9,C9_1100
train,2026,C9,C9_1101
train,2026,C9,C9_1102
train,2026,C9,C9_1103
train,2026,C9,C9_1104
train,2026,C9,C9_1105
train,2026,C9,C9_1106
train,2026,C9,C9_1107
train,2026,C9,C9_1109
train,2026,C9,C9_1110
train,2026,C9,C9_1111
test,2026,C9,C9_1112
train,2026,C9,C9_1113
train,2026,C9,C9_1114
train,2026,C9,C9_1115
train,2026,C9,C9_1116
train,2026,C9,C9_1117
train,2026,C9,C9_1118
train,2026,C9,C9_1119
train,2026,C9,C9_1120
train,2026,C9,C9_1121
train,2026,C9,C9_1122
train,2026,C9,C9_1123
train,2026,C9,C9_1124
test,2026,C9,C9_1125
train,2026,C9,C9_1126
train,2026,C9,C9_1127
val,2026,C9,C9_1128
train,2026,C9,C9_1129
train,2026,C9,C9_1130
val,2026,C9,C9_1131
train,2026,C9,C9_1132
train,2026,C9,C9_1133
train,2026,C9,C9_1134
test,2026,C9,C9_1136
train,2026,C9,C9_1137
train,2026,C9,C9_1138
train,2026,C9,C9_1139
test,2026,C9,C9_1140
train,2026,C9,C9_1141
test,2026,C9,C9_1142
train,2026,C9,C9_1143
train,2026,C9,C9_1144
train,2026,C9,C9_1145
train,2026,C9,C9_1146
train,2026,C9,C9_1147
train,2026,C9,C9_1149
train,2026,C9,C9_1150
train,2026,C9,C9_1151
train,2026,C9,C9_1152
val,2026,C9,C9_1153
train,2026,C9,C9_1154
train,2026,C9,C9_1158
train,2026,C9,C9_1159
val,2026,C9,C9_1160
train,2026,C9,C9_1161
train,2026,C9,C9_1162
train,2026,C9,C9_1163
train,2026,C9,C9_1164
val,2026,C9,C9_1165
train,2026,C9,C9_2007
train,2026,C9,C9_2009
train,2026,C9,C9_2010
train,2026,C9,C9_2011
train,2026,C9,C9_2012
val,2026,C9,C9_2013
train,2026,C9,C9_2014
train,2026,C9,C9_2015
train,2026,C9,C9_2016
train,2026,C9,C9_2017
train,2026,C9,C9_2018
train,2026,C9,C9_2019
train,2026,C9,C9_2020
val,2026,C9,C9_2021
train,2026,C9,C9_2028
train,2026,C9,C9_2029
train,2026,C9,C9_2030
test,2026,C9,C9_2031
train,2026,C9,C9_2033
train,2026,C9,C9_2034
train,2026,C9,C9_2035
train,2026,C9,C9_2036
train,2026,C9,C9_2037
train,2026,C9,C9_2038
train,2026,C9,C9_2039
train,2026,C9,C9_2040
val,2026,C9,C9_2041
train,2026,C9,C9_2042
train,2026,C9,C9_2043
train,2026,C9,C9_2044
test,2026,C9,C9_2045
train,2026,C9,C9_2052
train,2026,C9,C9_2053
test,2026,C9,C9_2054
train,2026,C9,C9_2055
train,2026,C9,C9_2056
train,2026,C9,C9_2057
train,2026,C9,C9_2058
train,2026,C9,C9_2059
train,2026,C9,C9_2060
train,2026,C9,C9_2064
train,2026,C9,C9_2065
train,2026,C9,C9_2066
train,2026,C9,C9_2067
val,2026,C9,C9_2068
train,2026,C9,C9_2069
train,2026,C9,C9_2076
train,2026,C9,C9_2077
train,2026,C9,C9_2078
train,2026,C9,C9_2079
train,2026,C9,C9_2080
train,2026,C9,C9_3001
train,2026,C9,C9_3003
test,2026,C9,C9_3004
train,2026,C9,C9_3005
train,2026,C9,C9_3012
train,2026,C9,C9_3013
train,2026,C9,C9_3014
train,2026,C9,C9_3015
train,2026,C9,C9_3016
train,2026,C9,C9_3017
train,2026,C9,C9_3018
train,2026,C9,C9_3019
train,2026,C9,C9_3020
train,2026,C9,C9_3021
val,2026,C9,C9_3028
train,2026,C9,C9_3029
test,2026,C9,C9_3030
val,2026,C9,C9_3031
train,2026,C9,C9_3032
train,2026,C9,C9_3033
train,2026,C9,C9_3034
train,2026,C9,C9_3035
train,2026,C9,C9_3036
train,2026,C9,C9_3037
train,2026,C9,C9_4001
train,2026,C9,C9_4002
test,2026,C9,C9_4003
train,2026,C9,C9_4004
train,2026,C9,C9_4005
train,2026,C9,C9_4006
val,2026,C9,C9_4009
train,2026,C9,C9_4010
train,2026,C9,C9_4011
train,2026,C9,C9_4012
train,2026,C9,C9_4013
train,2026,C9,C9_4014
train,2026,C9,C9_4015
train,2026,C9,C9_4016
test,2026,C9,C9_4017
train,2026,C9,C9_4018
train,2026,C9,C9_4019
train,2026,C9,C9_4020
train,2026,C9,C9_4021
val,2026,C9,C9_4022
train,2026,C9,C9_4023
val,2026,C9,C9_4024
train,2026,C9,C9_4025
train,2026,C9,C9_4026
train,2026,C9,C9_4027
test,2026,C9,C9_4028
train,2026,C9,C9_4029
train,2026,C9,C9_4030
train,2026,C9,C9_4031
train,2026,C9,C9_4032
train,2026,C9,C9_4033
val,2026,C9,C9_4034
train,2026,C9,C9_4035
train,2026,C9,C9_4036
train,2026,C9,C9_4037
train,2026,C9,C9_4038
train,2026,C9,C9_4039
train,2026,C9,C9_4040
train,2026,C9,C9_5001
train,2026,C9,C9_5002
train,2026,C9,C9_5003
train,2026,C9,C9_5004
val,2026,C9,C9_5005
train,2026,C9,C9_5006
val,2026,C9,C9_5007
train,2026,C9,C9_5008
train,2026,C9,C9_5009
train,2026,C9,C9_5010
train,2026,C9,C9_5011
train,2026,C9,C9_5012
train,2026,C9,C9_5013
train,2026,C9,C9_5014
val,2026,C9,C9_5015
train,2026,C9,C9_5016
val,2026,C9,C9_5017
train,2026,C9,C9_5018
train,2026,C9,C9_5019
train,2026,C9,C9_5020
train,2026,C9,C9_5021
val,2026,C9,C9_5022
val,2026,C9,C9_5023
train,2026,C9,C9_5024
train,2026,C9,C9_5025
train,2026,C9,C9_5026
train,2026,C9,C9_5027
train,2026,C9,C9_5028
train,2026,C9,C9_5029
train,2026,C9,C9_5030
val,2026,C9,C9_5031
train,2026,C9,C9_5032
train,2026,C9,C9_5033
train,2026,C9,C9_5034
train,2026,C9,C9_5035
train,2026,C9,C9_5036
train,2026,C9,C9_5037
train,2026,C9,C9_5038
train,2026,C9,C9_6001
train,2026,C9,C9_6002
train,2026,C9,C9_6003
train,2026,C9,C9_6004
train,2026,C9,C9_6005
train,2026,C9,C9_6006
train,2026,C9,C9_6007
train,2026,C9,C9_6008
train,2026,C9,C9_6009
val,2026,C9,C9_6010
train,2026,C9,C9_6011
train,2026,C9,C9_6012
train,2026,C9,C9_6013
val,2026,C9,C9_6014
train,2026,C9,C9_6015
train,2026,C9,C9_6016
train,2026,C9,C9_6017
train,2026,C9,C9_6018
train,2026,C9,C9_6019
train,2026,C9,C9_6020
train,2026,C9,C9_6021
train,2026,C9,C9_6022
train,2026,C9,C9_6023
train,2026,C9,C9_6024
train,2026,C9,C9_6025
train,2026,C9,C9_6026
val,2026,C9,C9_6027
train,2026,C9,C9_6028
test,2026,C9,C9_6029
train,2026,C9,C9_6030
train,2026,C9,C9_6031
train,2026,C9,C9_6032
train,2026,C9,C9_6033
train,2026,C9,C9_6034
train,2026,C9,C9_6035
train,2026,C9,C9_6036
train,2026,C9,C9_6037
train,2026,C9,C9_6038
train,2026,C9,C9_6039
train,2026,C9,C9_6040
